{"base_url":"","routes":{"staff_removal_finalized":{"tokens":[["text","\/staff\/removal\/finalized"]],"defaults":[],"requirements":[],"hosttokens":[],"methods":["GET"],"schemes":[]},"staff_reject_removal":{"tokens":[["text","\/reject"],["variable","\/","[^\/]++","id",true],["text","\/staff\/removal"]],"defaults":[],"requirements":[],"hosttokens":[],"methods":[],"schemes":[]},"staff_transfer_inprogress":{"tokens":[["text","\/staff\/transfer\/inprogress"]],"defaults":[],"requirements":[],"hosttokens":[],"methods":["GET"],"schemes":[]},"staff_finalize_transfer":{"tokens":[["text","\/finalize"],["variable","\/","[^\/]++","id",true],["text","\/staff\/transfer"]],"defaults":[],"requirements":[],"hosttokens":[],"methods":[],"schemes":[]},"staff_reject_transfer":{"tokens":[["text","\/reject"],["variable","\/","[^\/]++","id",true],["text","\/staff\/transfer"]],"defaults":[],"requirements":[],"hosttokens":[],"methods":[],"schemes":[]},"condition_show":{"tokens":[["text","\/condition\/show"]],"defaults":[],"requirements":[],"hosttokens":[],"methods":["GET"],"schemes":[]},"importer_new":{"tokens":[["text","\/importer\/new"]],"defaults":[],"requirements":[],"hosttokens":[],"methods":["GET","POST"],"schemes":[]},"removal_img":{"tokens":[["text","\/img"],["variable","\/","[^\/]++","use",true],["variable","\/","[^\/]++","id",true],["text","\/removal"]],"defaults":[],"requirements":[],"hosttokens":[],"methods":["GET"],"schemes":[]},"remover_new":{"tokens":[["text","\/remover\/new"]],"defaults":[],"requirements":[],"hosttokens":[],"methods":["GET","POST"],"schemes":[]},"remover_img":{"tokens":[["text","\/img"],["variable","\/","[^\/]++","id",true],["text","\/remover"]],"defaults":[],"requirements":[],"hosttokens":[],"methods":["GET"],"schemes":[]},"pcn":{"tokens":[["text","\/p\/c\/n"]],"defaults":[],"requirements":[],"hosttokens":[],"methods":[],"schemes":[]},"statistic_load":{"tokens":[["text","\/statistic\/load"]],"defaults":[],"requirements":[],"hosttokens":[],"methods":[],"schemes":[]},"transfer_img":{"tokens":[["text","\/img"],["variable","\/","[^\/]++","id",true],["text","\/transfer"]],"defaults":[],"requirements":[],"hosttokens":[],"methods":["GET"],"schemes":[]},"vehicle_img":{"tokens":[["text","\/img"],["variable","\/","[^\/]++","id",true],["text","\/vehicle"]],"defaults":[],"requirements":[],"hosttokens":[],"methods":["GET"],"schemes":[]}},"prefix":"","host":"localhost","port":"","scheme":"http","locale":[]}